-- MySQL dump 10.13  Distrib 5.1.73, for redhat-linux-gnu (x86_64)
--
-- Host: localhost    Database: mitchiru_fcxb
-- ------------------------------------------------------
-- Server version	5.1.73-log

/*!40101 SET @OLD_CHARACTER_SET_CLIENT=@@CHARACTER_SET_CLIENT */;
/*!40101 SET @OLD_CHARACTER_SET_RESULTS=@@CHARACTER_SET_RESULTS */;
/*!40101 SET @OLD_COLLATION_CONNECTION=@@COLLATION_CONNECTION */;
/*!40101 SET NAMES utf8 */;
/*!40103 SET @OLD_TIME_ZONE=@@TIME_ZONE */;
/*!40103 SET TIME_ZONE='+00:00' */;
/*!40014 SET @OLD_UNIQUE_CHECKS=@@UNIQUE_CHECKS, UNIQUE_CHECKS=0 */;
/*!40014 SET @OLD_FOREIGN_KEY_CHECKS=@@FOREIGN_KEY_CHECKS, FOREIGN_KEY_CHECKS=0 */;
/*!40101 SET @OLD_SQL_MODE=@@SQL_MODE, SQL_MODE='NO_AUTO_VALUE_ON_ZERO' */;
/*!40111 SET @OLD_SQL_NOTES=@@SQL_NOTES, SQL_NOTES=0 */;

--
-- Table structure for table `event_lists`
--

DROP TABLE IF EXISTS `event_lists`;
/*!40101 SET @saved_cs_client     = @@character_set_client */;
/*!40101 SET character_set_client = utf8 */;
CREATE TABLE `event_lists` (
  `event_id` int(11) NOT NULL DEFAULT '0',
  `list_id` int(11) NOT NULL DEFAULT '0',
  PRIMARY KEY (`event_id`,`list_id`),
  KEY `list_id` (`list_id`)
) ENGINE=MyISAM DEFAULT CHARSET=utf8;
/*!40101 SET character_set_client = @saved_cs_client */;

--
-- Dumping data for table `event_lists`
--

LOCK TABLES `event_lists` WRITE;
/*!40000 ALTER TABLE `event_lists` DISABLE KEYS */;
/*!40000 ALTER TABLE `event_lists` ENABLE KEYS */;
UNLOCK TABLES;

--
-- Table structure for table `events`
--

DROP TABLE IF EXISTS `events`;
/*!40101 SET @saved_cs_client     = @@character_set_client */;
/*!40101 SET character_set_client = utf8 */;
CREATE TABLE `events` (
  `id` int(11) NOT NULL AUTO_INCREMENT,
  `name` varchar(60) DEFAULT NULL,
  `group_id` int(11) DEFAULT NULL,
  `canceled` tinyint(1) NOT NULL DEFAULT '0',
  `crdate` int(11) DEFAULT NULL,
  `chdate` int(11) DEFAULT NULL,
  `evdate` int(11) DEFAULT NULL,
  `description` varchar(255) DEFAULT NULL,
  `min_att` int(11) DEFAULT NULL,
  `max_att` int(11) DEFAULT NULL,
  `location` varchar(255) DEFAULT NULL,
  `private` tinyint(1) NOT NULL DEFAULT '0',
  PRIMARY KEY (`id`),
  KEY `group_id` (`group_id`)
) ENGINE=MyISAM AUTO_INCREMENT=97 DEFAULT CHARSET=utf8;
/*!40101 SET character_set_client = @saved_cs_client */;

--
-- Dumping data for table `events`
--

LOCK TABLES `events` WRITE;
/*!40000 ALTER TABLE `events` DISABLE KEYS */;
INSERT INTO `events` VALUES (26,'Tue 19:00 Lads Game',1,0,1438004937,NULL,1438102800,'If Goerli is not free, we move over to the grass pitch 200m west',8,16,'Görlitzer Park, Berlin, GERMANY',0),(19,'Mon 00:00 Training',1,0,1437980334,NULL,1437948000,'',8,16,'Görlitzer Park, Berlin, GERMANY',0),(20,'Mon 00:00 Training',1,0,1437980449,NULL,1437948000,'',8,16,'Görlitzer Park, Berlin, GERMANY',0),(21,'Mon 00:00 Training',1,0,1437980482,NULL,1437948000,'',8,16,'Görlitzer Park, Berlin, GERMANY',0),(22,'Mon 00:00 Training',1,0,1437980538,NULL,1437948000,'',8,16,'Görlitzer Park, Berlin, GERMANY',0),(23,'Mon 00:00 Training',1,0,1437980572,NULL,1437948000,'',8,16,'Görlitzer Park, Berlin, GERMANY',0),(27,'Fri 19:00 Lads Training',1,0,1438005119,NULL,1438362000,'First time we use our rented pitch!!!',8,16,'Görlitzer Park, Berlin, GERMANY',0),(34,'Tue 19:00 Xboys Training',1,0,1438279101,NULL,1438707600,'Training time for FCXB regulars. List opens on 16:00 for friends. Ahmad: \"Guys please no Extra Players, me I don\'t want to change we want to play the whole time.\"',8,16,'Sportplatz Wiener Straße, Berlin, GERMANY',0),(41,'Sun 11:30 Friendly',1,0,1438543142,NULL,1439112600,'vs. Britzer Legends, please be there on 10:30',7,13,'Markgrafenstraße 24, 12105 Berlin, Germany',0),(43,'Tue 19:00 Training',1,0,1439185000,NULL,1439312400,'For the regular kreuzboys. Open for friends from 16:00 as always. ',8,16,'Sportplatz Wiener Straße, Berlin, GERMANY',0),(44,'Fri 19:00 Training',1,0,1439220950,NULL,1439571600,'',8,16,'Sportplatz Wiener Straße, Berlin, GERMANY',0),(47,'Tue 19:00 Friendly Match',1,0,1439360016,NULL,1439917200,'No Training, instead we have a friendly against Andy\'s team, the British lions (who won fucking Berlin cup)',7,14,'Sportplatz Wiener Straße, Berlin, GERMANY',0),(48,'Tue 19:00 open Training',1,0,1439706186,NULL,1439917200,'The pitch it is free.',8,16,'Sportplatz Wiener Straße, Berlin, GERMANY',0),(56,'Fri 19:00 open training',1,0,1440577600,NULL,1440781200,'',8,16,'Sportplatz Wiener Straße, Berlin, GERMANY',0),(49,'Fri 19:00 open Training',1,0,1439821898,NULL,1440176400,'Training as usual, bring friends until 16 players..',8,16,'Sportplatz Wiener Straße, Berlin, GERMANY',0),(51,'Tue 19:00 Open Training',1,0,1440243232,NULL,1440522000,'Open Training',8,16,'Sportplatz Wiener Straße, Berlin, GERMANY',0),(59,'Fri 19:00 Open Training',1,0,1441031334,NULL,1441386000,'Wie jede Woche',8,16,'Sportplatz Wiener Straße, Berlin, GERMANY',0),(55,'Tue 19:00',1,0,1440420294,NULL,1440522000,'Görlikick - Teamtraining',8,16,'Sportplatz Wiener Straße, Berlin, GERMANY',0),(60,'Tue 19:00',1,0,1441045399,NULL,1441126800,'goerlikick Fcxb Training',8,16,'Sportplatz Wiener Straße, Berlin, GERMANY',0),(61,'Wed 19:00',1,0,1441045484,NULL,1441213200,'Test Berliner Amateure - FCXB',8,16,'Körtestr. 13, Berlin, Germany',0),(62,'Sat 12:00 11-Friendly',1,0,1441045591,NULL,1441447200,'farewell Doni - James Lane Cup 2nd game 11aside',8,16,'Spandauer Damm 150, 14050 Berlin, Germany',0),(63,'Thu 19:30 Secret Friendly',1,0,1441637217,NULL,1441906200,'Ask Michi about it, it will be a 5vs5',7,12,'Spvvg. Tiergarten, Neues Ufer 2, 10553 Berlin, Germany',0),(64,'Tue 19:00',1,0,1441648091,NULL,1441731600,'FCXB Training',8,16,'Sportplatz Wiener Straße, Berlin, GERMANY',0),(65,'Fri 19:00 open Training',1,0,1441653566,NULL,1441990800,'Wie immer ',8,16,'Sportplatz Wiener Straße, Berlin, GERMANY',0),(66,'Sat 10:00 Eumel',1,0,1441901085,NULL,1442044800,'FC Eumel - FC Kreuzberg FZ',8,16,'Pflügerstr. 46, Berlin ',0),(74,'Fri 19:00 FCXB II Training',1,0,1442695665,NULL,1443200400,'Wir spielen wieder 8vs8!',8,16,'Sportplatz Wiener Straße, Berlin, GERMANY',0),(73,'Sat 14:50 Match vs Spocht SV',1,0,1442346618,NULL,1442667000,'Meeting time on 14:00',7,12,'Sportplatz Wiener Straße, Berlin, GERMANY',0),(71,'Fri 19:00 open training',1,0,1442169563,NULL,1442595600,'For the lads, the rosis and all the other folks',8,16,'Sportplatz Wiener Straße, Berlin, GERMANY',0),(72,'Tue 19:00 training ',1,0,1442260725,NULL,1442336400,'Goerli football. Only regulars. Friends can be registered from 16:00 via invite. ',8,16,'Sportplatz Wiener Straße, Berlin, GERMANY',0),(76,'Tue 19:00 ',1,0,1442858184,NULL,1442941200,'fcxb training ',8,16,'Sportplatz Wiener Straße, Berlin, GERMANY',0),(77,'Fri 19:30 Away Match',1,0,1443024964,NULL,1443202200,'Hellersdorf - FCXB, 18:30 Meeting Time on the pitch.',8,12,'Oschatzer Ring 16, Berlin',0),(79,'Fri 19:00 Open Training',1,0,1443258587,NULL,1443805200,'FCXB FZ II Training',8,16,'Sportplatz Wiener Straße, Berlin, GERMANY',0),(80,'Tue 19:00 FCXB',1,0,1443463392,NULL,1443546000,'FCXB Goerlikick',8,16,'Sportplatz Wiener Straße, Berlin, GERMANY',0),(83,'Sun 15:00 Käfig',1,0,1443798145,NULL,1443963600,'Good old Käfig, if less than 6 players, they go 13:00 bcs they can join an other squad on that pitch. ',8,12,'Roseggerstr. 25, Berlin',0),(84,'Fri 19:00 FCXB II Open Training',1,0,1444055330,NULL,1444410000,'',8,16,'Sportplatz Wiener Straße, Berlin, GERMANY',0),(85,'Tue 19:00 FCXB ',1,0,1444072664,NULL,1444150800,'The goerlikick',8,16,'Sportplatz Wiener Straße, Berlin, GERMANY',0),(86,'Sat 11:00 Hertie Internationale - FCXB',1,1,1444326128,NULL,1444467600,'Meeting 10.15h',8,12,'Lessingstr. 5-8, 12169 Berlin',0),(87,'Mon 19:30 Pokal - SV Norden Nordwest - FCXB',1,0,1444326261,NULL,1444671000,'Meeting 18:45h',8,12,'Behmstr. 27-31, 13357 Berlin',0),(88,'Tue 19:00 FCXB Training',1,0,1444678741,NULL,1444755600,'',8,16,'Sportplatz Wiener Straße, Berlin, GERMANY',0),(89,'Fri 19:00 FCXB II Training',1,0,1444807095,NULL,1445014800,'',8,16,'Sportplatz Wiener Straße, Berlin, GERMANY',0),(90,'Tue 19:00 Goerlikick',1,0,1445277359,NULL,1445360400,'FCXB Training',8,16,'Sportplatz Wiener Straße, Berlin, GERMANY',0),(91,'Sat 14:45 FCXB - FC Ballzauber',1,0,1445277418,NULL,1445690700,'Meeting 13:45',8,12,'Sportplatz Wiener Straße, Berlin, GERMANY',0),(92,'Fri 19:00 FCXB II',1,0,1445327095,NULL,1445619600,'Training',8,16,'Sportplatz Wiener Straße, Berlin, GERMANY',0),(93,'Fri 19:00 FCXB II training',1,0,1445671373,NULL,1446228000,'Our Friday is getting more and more crowded so we need to set some rules. If you didn\'t pay the 50€ per season yet, please enlist only after Thursday 20:00. And with 18 players the list is full and closed! I think this rule is fair and convenient. ',8,18,'Sportplatz Wiener Straße, Berlin, GERMANY',0),(94,'Tue 19:00 fcxb Training ',1,0,1445883507,NULL,1445968800,'',8,16,'Sportplatz Wiener Straße, Berlin, GERMANY',0),(95,'Fri 19:00 FCXB II Training',1,0,1446279608,NULL,1446832800,'No payers please register after Thursday 20:00. With 18 players the list is full. ',8,2,'Sportplatz Wiener Straße, Berlin, GERMANY',0);
/*!40000 ALTER TABLE `events` ENABLE KEYS */;
UNLOCK TABLES;

--
-- Table structure for table `groups`
--

DROP TABLE IF EXISTS `groups`;
/*!40101 SET @saved_cs_client     = @@character_set_client */;
/*!40101 SET character_set_client = utf8 */;
CREATE TABLE `groups` (
  `id` int(11) NOT NULL AUTO_INCREMENT,
  `name` varchar(20) DEFAULT NULL,
  PRIMARY KEY (`id`)
) ENGINE=MyISAM AUTO_INCREMENT=2 DEFAULT CHARSET=utf8;
/*!40101 SET character_set_client = @saved_cs_client */;

--
-- Dumping data for table `groups`
--

LOCK TABLES `groups` WRITE;
/*!40000 ALTER TABLE `groups` DISABLE KEYS */;
INSERT INTO `groups` VALUES (1,'FCBX');
/*!40000 ALTER TABLE `groups` ENABLE KEYS */;
UNLOCK TABLES;

--
-- Table structure for table `groups_lists`
--

DROP TABLE IF EXISTS `groups_lists`;
/*!40101 SET @saved_cs_client     = @@character_set_client */;
/*!40101 SET character_set_client = utf8 */;
CREATE TABLE `groups_lists` (
  `group_id` int(11) NOT NULL DEFAULT '0',
  `list_id` int(11) NOT NULL DEFAULT '0',
  PRIMARY KEY (`group_id`,`list_id`),
  KEY `list_id` (`list_id`)
) ENGINE=MyISAM DEFAULT CHARSET=utf8;
/*!40101 SET character_set_client = @saved_cs_client */;

--
-- Dumping data for table `groups_lists`
--

LOCK TABLES `groups_lists` WRITE;
/*!40000 ALTER TABLE `groups_lists` DISABLE KEYS */;
INSERT INTO `groups_lists` VALUES (1,1),(1,2),(1,3),(1,4);
/*!40000 ALTER TABLE `groups_lists` ENABLE KEYS */;
UNLOCK TABLES;

--
-- Table structure for table `lists`
--

DROP TABLE IF EXISTS `lists`;
/*!40101 SET @saved_cs_client     = @@character_set_client */;
/*!40101 SET character_set_client = utf8 */;
CREATE TABLE `lists` (
  `id` int(11) NOT NULL AUTO_INCREMENT,
  `name` varchar(30) DEFAULT NULL,
  PRIMARY KEY (`id`)
) ENGINE=MyISAM AUTO_INCREMENT=5 DEFAULT CHARSET=utf8;
/*!40101 SET character_set_client = @saved_cs_client */;

--
-- Dumping data for table `lists`
--

LOCK TABLES `lists` WRITE;
/*!40000 ALTER TABLE `lists` DISABLE KEYS */;
INSERT INTO `lists` VALUES (1,'FCBX #1'),(2,'FCBX #2'),(3,'Lads'),(4,'Soccernk');
/*!40000 ALTER TABLE `lists` ENABLE KEYS */;
UNLOCK TABLES;

--
-- Table structure for table `lists_users`
--

DROP TABLE IF EXISTS `lists_users`;
/*!40101 SET @saved_cs_client     = @@character_set_client */;
/*!40101 SET character_set_client = utf8 */;
CREATE TABLE `lists_users` (
  `user_id` int(11) NOT NULL DEFAULT '0',
  `list_id` int(11) NOT NULL DEFAULT '0',
  PRIMARY KEY (`user_id`,`list_id`),
  KEY `list_id` (`list_id`)
) ENGINE=MyISAM DEFAULT CHARSET=utf8;
/*!40101 SET character_set_client = @saved_cs_client */;

--
-- Dumping data for table `lists_users`
--

LOCK TABLES `lists_users` WRITE;
/*!40000 ALTER TABLE `lists_users` DISABLE KEYS */;
INSERT INTO `lists_users` VALUES (1,1),(1,2),(2,1);
/*!40000 ALTER TABLE `lists_users` ENABLE KEYS */;
UNLOCK TABLES;

--
-- Table structure for table `registrations`
--

DROP TABLE IF EXISTS `registrations`;
/*!40101 SET @saved_cs_client     = @@character_set_client */;
/*!40101 SET character_set_client = utf8 */;
CREATE TABLE `registrations` (
  `id` int(11) NOT NULL AUTO_INCREMENT,
  `event_id` int(11) DEFAULT NULL,
  `user` varchar(35) DEFAULT NULL,
  `crdate` int(11) DEFAULT NULL,
  `chdate` int(11) DEFAULT NULL,
  `confirmed` tinyint(1) DEFAULT '1',
  `pos_x` int(11) DEFAULT '0',
  `pos_y` int(11) DEFAULT '0',
  `sub` tinyint(1) DEFAULT '0',
  PRIMARY KEY (`id`),
  KEY `event_id` (`event_id`)
) ENGINE=MyISAM AUTO_INCREMENT=734 DEFAULT CHARSET=utf8;
/*!40101 SET character_set_client = @saved_cs_client */;

--
-- Dumping data for table `registrations`
--

LOCK TABLES `registrations` WRITE;
/*!40000 ALTER TABLE `registrations` DISABLE KEYS */;
INSERT INTO `registrations` VALUES (1,1,'Doggie',NULL,NULL,1,0,0,0),(2,1,'Michi',NULL,NULL,1,0,0,0),(10,3,'Khucame',1437827120,NULL,1,0,0,0),(4,3,'Mike',1437780685,NULL,1,0,0,0),(5,3,'Murat',1437780689,NULL,1,0,0,0),(6,3,'Davut',1437780692,NULL,1,0,0,0),(7,3,'Okan',1437780695,NULL,1,0,0,0),(8,3,'Michi',1437810795,NULL,1,0,0,0),(9,3,'Murat',1437810820,NULL,1,0,0,0),(11,3,'Mich',1437827124,NULL,1,0,0,0),(16,5,'Murat',1437863791,NULL,1,0,0,0),(15,3,'Alex',1437846076,NULL,1,0,0,0),(14,1,'fff',1437841144,NULL,1,0,0,0),(17,5,'Okan',1437863792,NULL,1,0,0,0),(18,5,'Julius',1437863796,NULL,1,0,0,0),(19,5,'Stats',1437863799,NULL,1,0,0,0),(20,6,'Michi',1437864043,NULL,1,0,0,0),(21,7,'Michi',1437867715,NULL,1,0,0,0),(22,7,'second',1437907311,NULL,1,0,0,0),(38,8,'Michi',1437939206,NULL,1,0,0,0),(24,7,'Silvi',1437909107,NULL,1,0,0,0),(50,9,'Ggg',1437948474,NULL,1,0,0,0),(26,5,'Hug',1437909131,NULL,1,0,0,0),(27,5,'Ggg',1437909132,NULL,1,0,0,0),(57,5,'IHK',1437989605,NULL,1,0,0,0),(58,5,'Michi',1437994116,NULL,1,0,0,0),(60,27,'Michi',1438005145,NULL,1,0,0,0),(61,26,'Michi',1438012390,NULL,1,0,0,0),(36,5,'Ggg',1437909151,NULL,1,0,0,0),(37,8,'Er',1437909205,NULL,1,0,0,0),(39,8,'Hangs',1437939231,NULL,1,0,0,0),(40,8,'Banks',1437939232,NULL,1,0,0,0),(41,8,'Duff',1437939234,NULL,1,0,0,0),(44,8,'Hangs',1437939255,NULL,1,0,0,0),(43,8,'DFV',1437939236,NULL,1,0,0,0),(45,8,'Hash',1437939265,NULL,1,0,0,0),(46,9,'Gig',1437944131,NULL,1,0,0,0),(47,9,'Ghhh',1437944136,NULL,1,0,0,0),(48,9,'Http',1437944139,NULL,1,0,0,0),(49,8,'cfff',1437945413,NULL,1,0,0,0),(51,8,'Michi',1437950616,NULL,1,0,0,0),(52,10,'Michi',1437952040,NULL,1,0,0,0),(53,10,'Ffg',1437952049,NULL,1,0,0,0),(54,5,'Hdnd ',1437952327,NULL,1,0,0,0),(55,6,'FonslThebig ',1437977075,NULL,1,0,0,0),(56,6,'Hhh',1437977094,NULL,1,0,0,0),(63,26,'Neil ',1438013590,NULL,1,0,0,0),(71,31,'Julius',1438028978,NULL,1,0,0,0),(65,27,'Julius',1438015107,NULL,1,0,0,0),(66,26,'Fox',1438016101,NULL,1,0,0,0),(77,26,'Manu W.',1438097360,NULL,1,0,0,0),(76,26,'Stefan',1438096805,NULL,1,0,0,0),(70,26,'wayne',1438028837,NULL,1,0,0,0),(72,26,'Matthias',1438071902,NULL,1,0,0,0),(73,26,'Paul Kav',1438081876,NULL,1,0,0,0),(74,26,'Kacem Lido',1438081917,NULL,1,0,0,0),(82,27,'Matthias',1438259362,NULL,1,0,0,0),(78,26,'Tim Blake',1438098568,NULL,1,0,0,0),(83,27,'murat',1438266273,NULL,1,0,0,0),(84,27,'Stefan',1438273541,NULL,1,0,0,0),(85,33,'Michi',1438279061,NULL,1,0,0,0),(94,27,'Takashi',1438372084,NULL,1,0,0,0),(87,34,'Michi',1438292311,NULL,1,0,0,0),(88,27,'Matthias ',1438297439,NULL,1,0,0,0),(89,27,'Nils',1438341358,NULL,1,0,0,0),(92,27,'Isa',1438362442,NULL,1,0,0,0),(93,27,'Musa',1438362448,NULL,1,0,0,0),(95,41,'Michi',1438547416,NULL,1,0,0,0),(96,41,'Stefan goalkeeper',1438587164,NULL,1,0,0,0),(97,34,'Tom',1438638365,NULL,1,0,0,0),(98,34,'Ceko',1438638406,NULL,1,0,0,0),(100,34,'murat',1438643188,NULL,1,0,0,0),(101,34,'Christian',1438663422,NULL,1,0,0,0),(102,34,'Donal',1438675084,NULL,1,0,0,0),(103,34,'Mike',1438676869,NULL,1,0,0,0),(104,34,'thom',1438680178,NULL,1,0,0,0),(105,34,'Alberto',1438681128,NULL,1,0,0,0),(107,34,'Martin',1438691560,NULL,1,0,0,0),(108,34,'Ahmad',1438692131,NULL,1,0,0,0),(109,34,'Ehab',1438692135,NULL,1,0,0,0),(110,34,'Nils',1438696804,NULL,1,0,0,0),(111,34,'Takashi',1438707862,NULL,1,0,0,0),(112,34,'Xavier',1438707865,NULL,1,0,0,0),(113,41,'Ehab',1438718812,NULL,1,0,0,0),(114,41,'Murat',1438718831,NULL,1,0,0,0),(115,41,'donal',1438718836,NULL,1,0,0,0),(116,41,'Mike',1438718852,NULL,1,0,0,0),(118,41,'ahmad',1438718868,NULL,1,0,0,0),(119,41,'Christian',1438718884,NULL,1,0,0,0),(122,41,'Okan',1438842010,NULL,1,0,0,0),(126,43,'Stefan goalkeeper',1439185014,1439444299,1,95,333,1),(123,41,'Davut',1438854951,NULL,1,0,0,0),(125,41,'Robert',1439104378,NULL,1,0,0,0),(127,43,'Martin',1439211913,1439444123,1,185,393,1),(128,43,'Stats',1439212029,1439444067,1,95,333,1),(129,43,'Mike sweaty balls',1439212066,1439444267,1,215,243,1),(130,43,'Sweaty fatty brit',1439212189,1439444119,1,155,363,0),(131,43,'Ceko ',1439213264,1439444134,1,-25,423,1),(132,43,'Robert',1439215102,1439444102,1,-25,243,1),(133,43,'Davut',1439216854,1439444104,1,35,303,0),(134,43,'Okan',1439216857,1439444134,1,5,393,0),(135,43,'Christian',1439217106,1439444309,1,95,333,0),(136,43,'The best old player.',1439220343,1439444126,1,215,423,0),(137,44,'Michi',1439220959,1439582124,1,125,213,1),(139,43,'Atmeh',1439231439,1439444308,1,95,333,0),(148,44,'Matthias ',1439446866,1439563625,1,215,93,0),(141,43,'Alberto',1439280764,1439444146,1,185,273,0),(143,43,'Thomas',1439281583,1439444137,1,5,273,1),(146,43,'Donal',1439294108,1439444103,1,155,303,1),(144,43,'Conor late to the party',1439282993,1439444132,1,35,363,1),(149,44,'Dara',1439448375,1439566760,1,5,333,1),(150,44,'Laslo',1439455218,1439566735,1,95,483,1),(151,44,'Antonio ',1439458835,1439566735,1,215,493,1),(152,44,'vinzenz',1439487477,1439566735,1,5,493,1),(153,44,'Musa ',1439491503,1439563501,1,-25,193,0),(154,44,'Khucame',1439505071,1439563513,1,215,223,0),(155,44,'Fernando',1439544021,1439582126,1,125,193,0),(156,44,'Valery',1439544178,1439566776,1,5,73,0),(157,44,'Johnny',1439546253,1439582112,1,95,313,1),(158,44,'thom',1439549597,1439566765,1,65,433,1),(159,44,'murat',1439550657,1439566767,1,95,403,1),(165,44,'timb',1439567078,NULL,1,0,0,0),(160,44,'Manuel',1439551833,1439566771,1,275,433,1),(161,44,'Timo',1439560331,1439566773,1,275,163,0),(162,44,'CMAC',1439561449,1439566576,1,95,253,0),(163,44,'Ahmad',1439561500,1439566770,1,185,343,1),(164,44,'Fox',1439562566,1439566778,1,95,103,0),(166,44,'Takashi ',1439579844,NULL,1,0,0,0),(167,48,'Laslo',1439741786,1439846136,1,30,330,1),(168,48,'Fox',1439749710,1439846142,1,150,90,0),(169,48,'Dara',1439752375,1439846138,1,150,300,1),(170,47,'Murat',1439804746,1439851876,1,90,300,0),(171,47,'ahmad',1439805328,1439834681,1,185,253,0),(172,47,'Davut',1439807360,1439834650,1,35,433,1),(173,47,'thom',1439808475,1439851862,1,90,330,1),(174,47,'Stats',1439810524,1439817846,1,605,553,0),(175,47,'Mike',1439810999,1439817899,1,95,103,1),(176,47,'Pete',1439812962,1439817892,1,35,403,0),(179,47,'Christian',1439814684,1439851919,1,180,390,0),(180,48,'Michi',1439815987,1439846121,1,30,420,1),(181,48,'Paul',1439816881,1439845271,1,30,90,0),(190,47,'Ehab Goalkeeper',1439843320,1439851917,1,90,480,0),(192,48,'Matthias evtl.',1439880124,NULL,1,0,0,0),(182,47,'ROBERT',1439819359,1439855280,1,30,210,0),(183,48,'Canice',1439828302,1439846144,1,90,240,0),(187,48,'Tim',1439828384,1439846146,1,150,180,0),(185,48,'Neil',1439828379,1439846160,1,30,180,0),(188,48,'vinzenz',1439833769,1439846115,1,180,420,1),(200,49,'Matthias ',1440014644,1440102822,1,150,270,0),(193,47,'Lorenz',1439889080,1439926905,1,120,150,0),(194,47,'Okan (zweite halb)',1439889629,1439926906,1,120,180,0),(195,48,'Alex',1439889707,NULL,1,0,0,0),(196,48,'Isa',1439897979,NULL,1,0,0,0),(197,47,'Conor',1439908852,1439926908,1,30,90,0),(198,48,'Nando',1439909851,NULL,1,0,0,0),(199,48,'John',1439913390,NULL,1,0,0,0),(201,49,'Laslo',1440014647,1440173403,1,210,210,0),(202,49,'Fox',1440019430,1440102827,1,60,180,0),(203,49,'Matthias',1440019680,1440102855,1,180,330,1),(204,49,'Dara',1440021933,1440102857,1,60,330,1),(205,49,'Robert',1440053230,1440102854,1,120,390,1),(206,49,'Murat',1440063922,1440102845,1,60,240,0),(207,49,'Roman',1440065844,1440102854,1,30,420,1),(208,49,'Rob Manson',1440071033,1440102852,1,180,420,1),(209,49,'Paul',1440078229,1440102859,1,120,90,0),(210,49,'Pentti',1440096954,1440102863,1,120,300,1),(211,49,'Magnus',1440096956,1440102865,1,90,240,0),(212,49,'Manuel',1440100446,1440102867,1,30,300,0),(213,49,'Christian',1440132099,NULL,1,0,0,0),(214,49,'Valery',1440136009,NULL,1,0,0,0),(216,49,'Thomas',1440146894,NULL,1,0,0,0),(217,49,'Tim',1440172505,NULL,1,0,0,0),(218,49,'Alex',1440175244,NULL,1,0,0,0),(219,51,'Hyper Xav',1440345528,1440370691,1,30,180,0),(220,51,'Laslo',1440346708,1440370682,1,150,150,0),(221,51,'Rob Manson',1440347205,1440370685,1,90,210,0),(222,51,'Pentti ',1440351212,1440370688,1,180,120,0),(223,51,'vinzenz',1440364130,1440370689,1,30,120,0),(224,51,'Magnus',1440364588,1440370693,1,180,210,0),(226,55,'Murat',1440437400,1440507468,1,90,60,0),(227,55,'thom',1440441397,1440507465,1,90,90,0),(228,55,'Donal',1440441477,1440507466,1,120,60,0),(229,55,'ROBERT',1440442955,1440507462,1,30,30,0),(230,55,'Lorenz',1440444005,1440507454,1,150,270,0),(231,55,'Michi',1440453395,1440507460,1,30,60,0),(232,55,'Christian',1440477127,NULL,1,0,0,0),(233,55,'Martin',1440484557,NULL,1,0,0,0),(234,55,'Thomas',1440489943,NULL,1,0,0,0),(235,51,'Isa',1440494388,NULL,1,0,0,0),(236,55,'Conor',1440495413,NULL,1,0,0,0),(237,51,'Matthias ',1440499281,NULL,1,0,0,0),(238,51,'Nils',1440499302,NULL,1,0,0,0),(239,55,'Okan',1440503096,NULL,1,0,0,0),(240,51,'Manuel wiese ',1440507167,NULL,1,0,0,0),(241,55,'Ahmad',1440507391,1440507463,1,30,0,0),(242,55,'Ehab',1440507399,1440507428,1,90,30,0),(243,55,'Alex',1440511201,NULL,1,0,0,0),(244,55,'stefan',1440516431,NULL,1,0,0,0),(245,51,'Johnny',1440519618,NULL,1,0,0,0),(247,56,'Michi',1440578505,NULL,1,0,0,0),(248,56,'Paul',1440606293,NULL,1,0,0,0),(266,60,'Ceko ',1441046288,NULL,1,0,0,0),(250,56,'Antonio',1440614150,NULL,1,0,0,0),(251,56,'Rob M',1440618550,NULL,1,0,0,0),(252,56,'Martin',1440657459,NULL,1,0,0,0),(253,57,'Michi',1440670661,NULL,1,0,0,0),(254,56,'Pentti',1440673674,NULL,1,0,0,0),(255,56,'Valery',1440682533,NULL,1,0,0,0),(256,56,'Conor',1440692667,NULL,1,0,0,0),(257,56,'Martin R',1440747437,NULL,1,0,0,0),(262,56,'khucame',1440771848,NULL,1,0,0,0),(259,56,'Okan',1440756645,NULL,1,0,0,0),(260,56,'Hamza',1440756649,NULL,1,0,0,0),(261,56,'Robert',1440767219,NULL,1,0,0,0),(263,56,'Mike',1440771921,NULL,1,0,0,0),(264,56,'Thom',1440771933,NULL,1,0,0,0),(265,56,'Ahmad',1440774226,NULL,1,0,0,0),(267,61,'Ceko',1441046311,1441194866,1,30,270,1),(268,62,'Ceko',1441046341,1441235196,1,30,240,0),(269,60,'Davut',1441046749,NULL,1,0,0,0),(270,61,'Mike',1441048451,1441194874,1,30,300,0),(271,62,'Mike',1441048468,1441235190,1,30,360,0),(272,60,'Christian',1441048666,NULL,1,0,0,0),(273,60,'Robert',1441048813,NULL,1,0,0,0),(274,61,'stats 1st half',1441048921,1441194864,1,120,270,0),(275,60,'stats',1441048937,NULL,1,0,0,0),(276,62,'stats',1441048951,1441235192,1,90,330,0),(277,62,'Johnny',1441049144,1441235167,1,120,150,0),(278,60,'Thomas',1441049787,NULL,1,0,0,0),(304,61,'Conor (second half)',1441198945,1441205547,1,120,450,0),(280,60,'Michi',1441049868,NULL,1,0,0,0),(281,62,'Michi',1441049886,1441235158,1,180,330,0),(282,61,'thomas 1st half',1441050022,1441194877,1,90,450,0),(283,60,'murat',1441052251,NULL,1,0,0,0),(284,61,'murat',1441052282,1441194872,1,240,300,0),(285,62,'murat',1441052369,1441235194,1,120,240,0),(286,61,'Cormac',1441053217,1441205553,1,150,210,0),(287,60,'thom (maybe)',1441053356,NULL,1,0,0,0),(288,61,'thom',1441053370,1441194867,1,120,300,0),(289,62,'thom',1441053396,1441235199,1,240,180,0),(290,60,'Martin',1441089033,NULL,1,0,0,0),(291,60,'Tom',1441091722,NULL,1,0,0,0),(292,60,'Stefan',1441093144,NULL,1,0,0,0),(293,60,'Atmeh',1441093610,NULL,1,0,0,0),(294,60,'Ehab',1441093616,NULL,1,0,0,0),(295,61,'Atmeh',1441093653,1441194870,1,240,270,0),(297,61,'Donal',1441094300,1441194878,1,150,450,0),(298,62,'Donal',1441094311,1441235184,1,240,390,0),(300,60,'Alex',1441115892,NULL,1,0,0,0),(301,62,'Conor',1441120717,1441143790,1,60,360,0),(303,62,'Christian',1441186903,1441235182,1,180,390,0),(302,61,'ehab',1441181091,1441182084,1,150,510,0),(305,61,'Lorenz ',1441199205,1441205551,1,180,210,0),(306,59,'Sebastian',1441200955,NULL,1,0,0,0),(307,59,'Pentti',1441208338,NULL,1,0,0,0),(308,59,'Valery',1441209510,NULL,1,0,0,0),(309,61,'Michi 2. halbzeit',1441209960,NULL,1,0,0,0),(310,59,'Il-Ho',1441210059,NULL,1,0,0,0),(311,59,'Michi',1441210434,NULL,1,0,0,0),(312,59,'Mattes',1441214970,NULL,1,0,0,0),(313,62,'Cormac',1441223932,1441235174,1,120,180,1),(314,62,'stefan',1441226777,1441235127,1,150,480,0),(315,62,'Davut',1441275829,1441353135,1,30,90,0),(316,62,'Okan',1441275831,1441404802,1,120,90,0),(317,59,'rob m',1441278170,NULL,1,0,0,0),(318,59,'Alex',1441287497,NULL,1,0,0,0),(319,59,'Mehmet ',1441293965,NULL,1,0,0,0),(320,59,'Nils ',1441294013,NULL,1,0,0,0),(321,59,'Thomas',1441352149,NULL,1,0,0,0),(322,59,'Benjamin',1441352157,NULL,1,0,0,0),(323,59,'murat maybe',1441366717,NULL,1,0,0,0),(324,59,'Manuel',1441367852,NULL,1,0,0,0),(325,59,'Nando',1441378751,NULL,1,0,0,0),(326,59,'Mr. X',1441385165,NULL,1,0,0,0),(327,63,'Michi',1441637356,NULL,1,0,0,0),(328,63,'Okan',1441637362,NULL,1,0,0,0),(329,63,'Bother',1441637365,NULL,1,0,0,0),(330,63,'Thomas',1441637369,NULL,1,0,0,0),(353,65,'Il-Ho',1441879006,NULL,1,0,0,0),(332,64,'Lorenz',1441651016,1441722150,1,0,60,0),(333,64,'murat',1441651180,1441722133,1,0,0,1),(334,64,'ROBERT',1441651387,1441722134,1,0,0,1),(335,64,'Michi',1441652352,1441722134,1,0,0,1),(336,64,'Mike',1441657923,1441722134,1,0,0,1),(337,64,'Christian',1441687352,1441722134,1,0,0,1),(338,64,'Martin',1441694619,1441722135,1,0,0,1),(339,64,'thom',1441697396,1441722135,1,0,0,1),(340,64,'Davut',1441702019,1441722135,1,0,0,1),(341,64,'Okan',1441702020,1441722136,1,0,0,1),(342,64,'Stefan',1441702066,1441722136,1,0,0,1),(343,64,'Donal',1441705072,1441722136,1,0,0,1),(344,63,'Ceko',1441706916,NULL,1,0,0,0),(345,64,'Enno',1441714708,1441722137,1,0,0,1),(346,64,'Yves',1441714916,1441722138,1,0,0,1),(347,64,'Alex',1441720741,1441722139,1,0,0,1),(348,64,'CMAC',1441722570,NULL,1,0,0,0),(349,65,'Magnus',1441797804,NULL,1,0,0,0),(350,65,'Pentti',1441800645,NULL,1,0,0,0),(351,65,'Valery',1441801448,NULL,1,0,0,0),(352,65,'Rob M',1441813909,NULL,1,0,0,0),(356,65,'jjjulian',1441905925,NULL,1,0,0,0),(355,63,'davut on our side if needed :-)',1441896326,NULL,1,0,0,0),(357,66,'Murat',1441909702,NULL,1,0,0,0),(358,65,'Manuel',1441910817,NULL,1,0,0,0),(359,66,'thom',1441910894,NULL,1,0,0,0),(360,66,'ROBERT',1441911004,NULL,1,0,0,0),(361,66,'Stats',1441913331,NULL,1,0,0,0),(362,65,'Okan',1441913946,NULL,1,0,0,0),(363,65,'Antonio',1441914200,NULL,1,0,0,0),(364,66,'CMAC',1441921630,NULL,1,0,0,0),(365,66,'Christian',1441948129,NULL,1,0,0,0),(366,66,'Davut',1441951368,NULL,1,0,0,0),(367,66,'Goaly Yves',1441957206,NULL,1,0,0,0),(368,66,'ceko',1441958240,NULL,1,0,0,0),(369,66,'Atmeh',1441958710,NULL,1,0,0,0),(371,65,'Stefano',1441976457,NULL,1,0,0,0),(372,65,'timo',1441982709,NULL,1,0,0,0),(373,65,'Takashi',1441987109,NULL,1,0,0,0),(392,73,'Michi',1442346684,1442645940,1,120,240,0),(375,72,'Thomas',1442260937,NULL,1,0,0,0),(376,72,'thom',1442262159,NULL,1,0,0,0),(377,65,'Eric Kaspersma',1442262881,NULL,1,0,0,0),(378,72,'Robert',1442264255,NULL,1,0,0,0),(379,72,'Mike',1442265461,NULL,1,0,0,0),(380,72,'Michi ',1442265612,NULL,1,0,0,0),(381,72,'Lorenz',1442266829,NULL,1,0,0,0),(382,72,'ceko',1442266997,NULL,1,0,0,0),(383,72,'Martin',1442298950,NULL,1,0,0,0),(384,72,'Alberto',1442299478,NULL,1,0,0,0),(385,72,'Okan',1442305179,NULL,1,0,0,0),(386,72,'Yves',1442305310,NULL,1,0,0,0),(387,72,'Enno',1442306082,NULL,1,0,0,0),(388,72,'murat',1442311708,NULL,1,0,0,0),(389,72,'Johnny',1442314239,NULL,1,0,0,0),(390,72,'ehab',1442317396,NULL,1,0,0,0),(391,71,'Ehab',1442345578,NULL,1,0,0,0),(393,73,'John',1442346688,1442398761,1,120,510,1),(394,73,'Murat',1442346691,1442645945,1,120,210,0),(395,73,'Cecko',1442346697,1442646031,1,0,270,0),(396,73,'Thomas',1442346701,1442645991,1,180,120,0),(397,73,'Alberto ',1442346706,1442645992,1,60,120,0),(398,73,'Lorenz',1442346711,1442645996,1,120,360,0),(399,73,'Robert',1442346714,1442646040,1,240,300,1),(400,73,'Yves',1442346722,1442645991,1,120,60,0),(418,71,'Matthias',1442524650,NULL,1,0,0,0),(423,71,'Fabio',1442586757,NULL,1,0,0,0),(444,74,'Neil ',1443022689,NULL,1,0,0,0),(417,71,'timo',1442523186,NULL,1,0,0,0),(424,71,'Matthias ',1442587437,NULL,1,0,0,0),(426,76,'Lorenz !!!',1442858432,1442868753,1,150,300,0),(405,71,'Refugee ?',1442398828,NULL,1,0,0,0),(406,71,'Eric',1442426052,NULL,1,0,0,0),(407,71,'Antonio',1442430247,NULL,1,0,0,0),(408,71,'Manuel',1442430281,NULL,1,0,0,0),(409,71,'Valery',1442467511,NULL,1,0,0,0),(421,71,'Benjamin',1442573869,NULL,1,0,0,0),(411,71,'Magnus',1442473289,NULL,1,0,0,0),(412,71,'Wayne',1442478095,NULL,1,0,0,0),(413,71,'Pentti',1442488512,NULL,1,0,0,0),(414,71,'Laslo',1442499875,NULL,1,0,0,0),(415,71,'Jonathan',1442499880,NULL,1,0,0,0),(416,71,'Rob M',1442501360,NULL,1,0,0,0),(427,76,'thom',1442858859,1442868773,1,150,210,0),(428,76,'Davut',1442859230,1442859898,1,150,120,0),(429,76,'Michi',1442859745,1442868775,1,90,240,0),(430,76,'Ahmad from Porto',1442860265,1442868845,1,30,90,0),(431,76,'Julius same flight',1442860312,1442868847,1,30,90,0),(432,76,'ceko the horse',1442861405,NULL,1,0,0,0),(433,76,'ROBERT',1442861615,NULL,1,0,0,0),(434,76,'Mike',1442866538,NULL,1,0,0,0),(435,76,'Thomas',1442868091,NULL,1,0,0,0),(436,76,'murat',1442868604,NULL,1,0,0,0),(437,76,'Christian',1442896982,NULL,1,0,0,0),(438,76,'Martin',1442899422,NULL,1,0,0,0),(439,76,'Alberto',1442903290,NULL,1,0,0,0),(440,76,'Ehab',1442905328,NULL,1,0,0,0),(441,76,'Pete',1442919507,NULL,1,0,0,0),(443,74,'Fox',1443021909,NULL,1,0,0,0),(445,74,'Eric',1443022845,NULL,1,0,0,0),(446,74,'Dara',1443022845,NULL,1,0,0,0),(447,74,'Magnus',1443022981,NULL,1,0,0,0),(448,74,'Pentti',1443022983,NULL,1,0,0,0),(449,77,'Christian',1443031591,NULL,1,0,0,0),(450,77,'thom',1443032203,NULL,1,0,0,0),(474,80,'Michi ',1443464938,NULL,1,0,0,0),(452,77,'okan',1443036696,NULL,1,0,0,0),(453,77,'stats',1443042393,NULL,1,0,0,0),(454,77,'Alberto',1443044366,NULL,1,0,0,0),(455,77,'ceko',1443045523,NULL,1,0,0,0),(456,77,'Robert',1443046095,NULL,1,0,0,0),(457,77,'ahmad',1443079104,NULL,1,0,0,0),(458,77,'Yves Goally',1443079142,NULL,1,0,0,0),(459,77,'Davut',1443081937,NULL,1,0,0,0),(508,79,'Ahmad ',1443805520,NULL,1,0,0,0),(461,74,'Michi',1443090025,NULL,1,0,0,0),(462,77,'Lorenz',1443091242,NULL,1,0,0,0),(464,77,'Murat Driver and Fan',1443098038,NULL,1,0,0,0),(472,74,'Abidal',1443197569,NULL,1,0,0,0),(467,77,'Mike',1443112329,NULL,1,0,0,0),(468,74,'vinzenz',1443113730,NULL,1,0,0,0),(469,74,'julian',1443114061,NULL,1,0,0,0),(470,74,'Julius',1443132193,NULL,1,0,0,0),(471,74,'Timo',1443174655,NULL,1,0,0,0),(475,80,'Robert',1443465037,NULL,1,0,0,0),(476,80,'Lorenz',1443465076,NULL,1,0,0,0),(477,80,'thom',1443466104,NULL,1,0,0,0),(478,80,'Julius',1443466364,NULL,1,0,0,0),(479,79,'Julius',1443466381,NULL,1,0,0,0),(480,80,'Thomas',1443467530,NULL,1,0,0,0),(481,80,'Johnny',1443468031,NULL,1,0,0,0),(482,80,'Martin',1443503067,NULL,1,0,0,0),(483,80,'Christian',1443503072,NULL,1,0,0,0),(484,80,'ceko',1443511740,NULL,1,0,0,0),(485,80,'Okan ',1443517366,NULL,1,0,0,0),(486,80,'ehab',1443520280,NULL,1,0,0,0),(487,80,'Atmeh',1443520307,NULL,1,0,0,0),(488,80,'Pete',1443522174,NULL,1,0,0,0),(489,80,'Murat',1443524238,NULL,1,0,0,0),(490,80,'Yves',1443537428,NULL,1,0,0,0),(491,79,'Okan',1443559416,NULL,1,0,0,0),(492,79,'Neil',1443641117,NULL,1,0,0,0),(493,79,'Matthias',1443648160,NULL,1,0,0,0),(494,79,'Fox',1443650486,NULL,1,0,0,0),(495,79,'rob m',1443652866,NULL,1,0,0,0),(496,79,'Tim',1443653680,NULL,1,0,0,0),(497,79,'vinzenz',1443680703,NULL,1,0,0,0),(498,79,'Paul',1443688453,NULL,1,0,0,0),(499,79,'Eric',1443692950,NULL,1,0,0,0),(502,79,'Manuel',1443708852,NULL,1,0,0,0),(501,79,'murat',1443707535,NULL,1,0,0,0),(503,79,'Alex',1443727150,NULL,1,0,0,0),(504,79,'Michi',1443763094,NULL,1,0,0,0),(505,79,'julian',1443789243,NULL,1,0,0,0),(506,82,'Max',1443798033,NULL,1,0,0,0),(507,83,'Max',1443798370,NULL,1,0,0,0),(509,83,'Martin ',1443875320,NULL,1,0,0,0),(510,83,'Björn ',1443875327,NULL,1,0,0,0),(511,83,'Julius ',1443907518,NULL,1,0,0,0),(512,83,'Murat',1443941579,NULL,1,0,0,0),(513,83,'Michi',1443949726,NULL,1,0,0,0),(514,83,'Ahmad ',1443961874,NULL,1,0,0,0),(515,83,'Peter',1443961877,NULL,1,0,0,0),(516,85,'Johnny',1444072774,NULL,1,0,0,0),(517,85,'Tommy',1444072798,NULL,1,0,0,0),(518,85,'Yves',1444072897,NULL,1,0,0,0),(519,85,'ROBERT',1444073044,NULL,1,0,0,0),(520,85,'stats',1444074714,NULL,1,0,0,0),(521,85,'murat',1444076131,NULL,1,0,0,0),(522,85,'ceko',1444077532,NULL,1,0,0,0),(523,85,'Lorenz',1444077731,NULL,1,0,0,0),(524,85,'Conor ',1444078407,NULL,1,0,0,0),(525,85,'Enno',1444079519,NULL,1,0,0,0),(526,85,'Mike',1444082022,NULL,1,0,0,0),(527,85,'Martin',1444106384,NULL,1,0,0,0),(528,85,'Alberto',1444113747,NULL,1,0,0,0),(529,85,'Thomas',1444116665,NULL,1,0,0,0),(530,85,'Atmeh',1444127742,NULL,1,0,0,0),(531,85,'Pete',1444131015,NULL,1,0,0,0),(532,84,'Matthias ',1444229425,NULL,1,0,0,0),(533,84,'Sebastian',1444230442,NULL,1,0,0,0),(534,84,'Eric',1444231765,NULL,1,0,0,0),(535,84,'Ossi',1444261831,NULL,1,0,0,0),(536,84,'Antonio',1444269651,NULL,1,0,0,0),(537,84,'Julius',1444287110,NULL,1,0,0,0),(538,84,'Timo',1444295483,NULL,1,0,0,0),(539,84,'peter',1444299847,NULL,1,0,0,0),(540,84,'Manuel',1444308242,NULL,1,0,0,0),(541,84,'Martin',1444314520,NULL,1,0,0,0),(542,86,'okan',1444326927,1444407173,1,120,360,1),(543,86,'Murat',1444326931,1444407157,1,120,300,0),(569,87,'Martin',1444467251,1444511810,1,180,360,1),(545,87,'Murat',1444326953,1444511911,1,120,300,0),(546,86,'Lorenz',1444327370,1444407175,1,120,390,0),(547,86,'Yves',1444330525,1444407139,1,120,60,0),(548,87,'Yves',1444330535,1444511911,1,120,180,0),(549,86,'thom',1444333356,1444407164,1,240,330,0),(550,87,'thom',1444333403,1444511786,1,120,450,0),(551,86,'stats',1444335181,1444407159,1,120,270,0),(552,86,'ahmad',1444341391,1444407152,1,0,330,0),(553,87,'ahmad',1444341413,1444511796,1,60,360,0),(554,87,'ceko',1444367725,1444511909,1,210,240,0),(555,86,'Christian',1444369275,1444407146,1,30,210,0),(556,87,'Christian',1444369307,1444511908,1,60,240,0),(557,86,'Michi',1444372635,1444407170,1,240,300,1),(558,84,'Neil',1444374863,NULL,1,0,0,0),(562,84,'Alex',1444382856,NULL,1,0,0,0),(560,87,'Julius',1444378150,1444511771,1,60,390,0),(561,84,'Laslo',1444380321,NULL,1,0,0,0),(565,86,'Pete',1444388339,1444407147,1,120,210,0),(566,84,'björn',1444394475,NULL,1,0,0,0),(567,86,'Robert',1444399734,1444407179,1,240,210,0),(568,86,'Johnny',1444407122,NULL,1,0,0,0),(570,87,'Robert',1444469030,1444511786,1,180,330,0),(571,87,'Lorenz',1444548627,NULL,1,0,0,0),(572,87,'2nd half stats',1444551638,NULL,1,0,0,0),(573,87,'Okan',1444591068,NULL,1,0,0,0),(589,88,'Nils',1444744841,NULL,1,0,0,0),(580,88,'Mike',1444730154,NULL,1,0,0,0),(576,88,'stefan',1444680536,NULL,1,0,0,0),(577,88,'murat',1444686254,NULL,1,0,0,0),(578,88,'ceko',1444719868,NULL,1,0,0,0),(579,88,'thomas',1444725958,NULL,1,0,0,0),(581,88,'Martin',1444730842,NULL,1,0,0,0),(582,88,'Robert',1444734272,NULL,1,0,0,0),(583,88,'Michi',1444736102,NULL,1,0,0,0),(584,88,'ehab',1444739038,NULL,1,0,0,0),(585,88,'ahmad',1444739040,NULL,1,0,0,0),(586,88,'julius',1444739097,NULL,1,0,0,0),(587,88,'thom',1444739919,NULL,1,0,0,0),(588,88,'Alex',1444744750,NULL,1,0,0,0),(590,88,'Lorenz',1444746037,NULL,1,0,0,0),(591,88,'tony',1444747671,NULL,1,0,0,0),(592,89,'Murat',1444807361,NULL,1,0,0,0),(593,89,'Matthias ',1444814627,NULL,1,0,0,0),(594,89,'stefan',1444815034,NULL,1,0,0,0),(595,89,'Roman',1444815452,NULL,1,0,0,0),(596,89,'Eric',1444818306,NULL,1,0,0,0),(608,89,'Martin',1445014449,NULL,1,0,0,0),(606,84,'murat',1444954151,NULL,1,0,0,0),(599,89,'wayne',1444826852,NULL,1,0,0,0),(600,89,'Rob M',1444826903,NULL,1,0,0,0),(601,89,'Laslo',1444841317,NULL,1,0,0,0),(602,89,'Alex',1444843439,NULL,1,0,0,0),(609,90,'stefan',1445278957,NULL,1,0,0,0),(604,89,'Timo',1444899143,NULL,1,0,0,0),(607,89,'Neil ',1444982282,NULL,1,0,0,0),(610,90,'Julius',1445281313,NULL,1,0,0,0),(611,90,'thom',1445281402,NULL,1,0,0,0),(612,90,'Mike',1445281494,NULL,1,0,0,0),(613,91,'thom',1445281498,NULL,1,0,0,0),(614,90,'Robert',1445282083,NULL,1,0,0,0),(615,91,'Robert',1445282606,NULL,1,0,0,0),(616,90,'thomas',1445283322,NULL,1,0,0,0),(617,90,'Murat',1445286220,NULL,1,0,0,0),(618,91,'Murat',1445286381,NULL,1,0,0,0),(619,90,'Christian',1445316631,NULL,1,0,0,0),(620,90,'Martin',1445316636,NULL,1,0,0,0),(621,90,'Ceko',1445322908,NULL,1,0,0,0),(622,90,'Alberto ',1445323360,NULL,1,0,0,0),(623,91,'Alberto ',1445328577,NULL,1,0,0,0),(624,90,'Ahmad',1445336729,NULL,1,0,0,0),(625,90,'Ehab',1445336737,NULL,1,0,0,0),(636,91,'Mike',1445417687,NULL,1,0,0,0),(628,91,'thomas',1445340314,NULL,1,0,0,0),(629,90,'Lorenz',1445344849,NULL,1,0,0,0),(630,90,'Nils',1445349621,NULL,1,0,0,0),(631,90,'Alex',1445349845,NULL,1,0,0,0),(635,91,'Christian',1445406263,NULL,1,0,0,0),(634,91,'Julius',1445372395,NULL,1,0,0,0),(637,91,'Ahmad',1445423529,NULL,1,0,0,0),(638,92,'Eric',1445443837,NULL,1,0,0,0),(639,92,'Fox',1445444902,NULL,1,0,0,0),(640,92,'Rob M',1445444918,NULL,1,0,0,0),(641,92,'Antonio',1445445967,NULL,1,0,0,0),(642,92,'valery',1445447412,NULL,1,0,0,0),(643,92,'jonathan',1445447424,NULL,1,0,0,0),(645,92,'Paul',1445449878,NULL,1,0,0,0),(646,92,'Giovanni',1445453115,NULL,1,0,0,0),(647,92,'Manuel',1445453800,NULL,1,0,0,0),(648,92,'Matthias',1445458829,NULL,1,0,0,0),(649,92,'Federico',1445504182,NULL,1,0,0,0),(650,92,'Matthias K',1445508290,NULL,1,0,0,0),(651,91,'Okan',1445514005,NULL,1,0,0,0),(662,91,'Yves?',1445633468,NULL,1,0,0,0),(653,92,'max',1445516664,NULL,1,0,0,0),(654,92,'Okan',1445519412,NULL,1,0,0,0),(655,92,'björn',1445523923,NULL,1,0,0,0),(657,92,'timo',1445599225,NULL,1,0,0,0),(658,92,'Roman',1445608056,NULL,1,0,0,0),(659,92,'Michi',1445609460,NULL,1,0,0,0),(660,92,'tim',1445614478,NULL,1,0,0,0),(661,91,'hop-a-long stats',1445618725,NULL,1,0,0,0),(664,94,'Stefan',1445885454,1445887868,1,150,180,0),(665,94,'Julius ',1445886673,1445887869,1,150,120,0),(688,93,'jonathan',1446049887,NULL,1,0,0,0),(667,94,'murat',1445889642,NULL,1,0,0,0),(668,94,'Alberto ',1445894446,NULL,1,0,0,0),(669,94,'ROBERT',1445898189,NULL,1,0,0,0),(670,94,'Cekp',1445899836,NULL,1,0,0,0),(687,93,'Fox',1446036644,NULL,1,0,0,0),(672,94,'Christian',1445926896,NULL,1,0,0,0),(673,94,'Lorenz ',1445929012,NULL,1,0,0,0),(674,94,'Enno',1445937000,NULL,1,0,0,0),(675,94,'Thomas',1445937842,NULL,1,0,0,0),(676,94,'Tom H.',1445940368,NULL,1,0,0,0),(677,94,'Pete',1445941038,NULL,1,0,0,0),(678,94,'Mike ',1445941580,NULL,1,0,0,0),(679,94,'Ehab',1445947732,NULL,1,0,0,0),(680,94,'Ahmad',1445947736,NULL,1,0,0,0),(686,93,'Michi',1445983902,NULL,1,0,0,0),(684,94,'lucas',1445965345,NULL,1,0,0,0),(689,93,'Valery',1446049894,NULL,1,0,0,0),(690,93,'Eric',1446051323,NULL,1,0,0,0),(691,93,'björn',1446056914,NULL,1,0,0,0),(692,93,'Martin',1446062019,NULL,1,0,0,0),(693,93,'Maximiliano',1446111397,NULL,1,0,0,0),(694,93,'Manuel',1446127323,NULL,1,0,0,0),(695,93,'Robert',1446145617,NULL,1,0,0,0),(711,95,'Michi',1446280188,NULL,1,0,0,0),(697,93,'Murat',1446193183,NULL,1,0,0,0),(705,93,'Roman',1446208906,NULL,1,0,0,0),(699,93,'Ahmad',1446193193,NULL,1,0,0,0),(701,93,'Hiasl',1446194501,NULL,1,0,0,0),(702,93,'thom',1446195514,NULL,1,0,0,0),(703,93,'mike',1446200957,NULL,1,0,0,0),(704,93,'Canice',1446202090,NULL,1,0,0,0),(708,93,'Neil',1446222032,NULL,1,0,0,0),(712,96,'asdf',1446368901,NULL,1,0,0,0),(710,93,'Tim B',1446223271,NULL,1,0,0,0),(713,96,'sadf',1446368905,NULL,1,0,0,0),(714,96,'asdf#',1446368907,NULL,1,0,0,0),(715,96,'sdfg',1446368908,NULL,1,0,0,0),(726,96,'asdf',1446378677,NULL,1,0,0,0),(727,96,'sdaf',1446378797,NULL,1,0,0,0),(728,96,'michi',1446379157,NULL,1,0,0,0);
/*!40000 ALTER TABLE `registrations` ENABLE KEYS */;
UNLOCK TABLES;

--
-- Table structure for table `users`
--

DROP TABLE IF EXISTS `users`;
/*!40101 SET @saved_cs_client     = @@character_set_client */;
/*!40101 SET character_set_client = utf8 */;
CREATE TABLE `users` (
  `id` int(11) NOT NULL AUTO_INCREMENT,
  `name` varchar(20) DEFAULT NULL,
  `fb` int(11) DEFAULT NULL,
  `sms` varchar(20) DEFAULT NULL,
  `email` varchar(255) DEFAULT NULL,
  PRIMARY KEY (`id`)
) ENGINE=MyISAM AUTO_INCREMENT=3 DEFAULT CHARSET=utf8;
/*!40101 SET character_set_client = @saved_cs_client */;

--
-- Dumping data for table `users`
--

LOCK TABLES `users` WRITE;
/*!40000 ALTER TABLE `users` DISABLE KEYS */;
INSERT INTO `users` VALUES (1,'Michi',NULL,NULL,'mitchiru@gmx.de'),(2,'Doggie',NULL,NULL,'01522 8735816');
/*!40000 ALTER TABLE `users` ENABLE KEYS */;
UNLOCK TABLES;
/*!40103 SET TIME_ZONE=@OLD_TIME_ZONE */;

/*!40101 SET SQL_MODE=@OLD_SQL_MODE */;
/*!40014 SET FOREIGN_KEY_CHECKS=@OLD_FOREIGN_KEY_CHECKS */;
/*!40014 SET UNIQUE_CHECKS=@OLD_UNIQUE_CHECKS */;
/*!40101 SET CHARACTER_SET_CLIENT=@OLD_CHARACTER_SET_CLIENT */;
/*!40101 SET CHARACTER_SET_RESULTS=@OLD_CHARACTER_SET_RESULTS */;
/*!40101 SET COLLATION_CONNECTION=@OLD_COLLATION_CONNECTION */;
/*!40111 SET SQL_NOTES=@OLD_SQL_NOTES */;

-- Dump completed on 2015-11-01 22:28:35
